Image_ID,Window,Door, shops shutter, Bench and Food stands,Brick wall with fence,Steps,Bulletin board,Bike,Motor Bike,Metal Fence,Flower,Flower box,Symbol and Sign,Grass,Plant cover,Path and sidewalk,Person in group,Person standing,Person sitting,Trees with oval shape,Wall,Water,Trees with columnar shape,Buildings wall,Buildings with column,Autos,Sky,Palm trees,Dome,Sunshade,Class_34
AmadMid,0,0,0,0,5067,0,0,0,1331,2,0,0,0,0,31766,402261,0,217,0,0,0,0,58048,0,141,25647,15185,67102,0,0,0
AmadMid,0,13112,0,638,213,7317,1308,0,422,952,0,0,0,292,73401,388906,0,2427,0,0,1682,320,125903,0,15143,0,52615,9288,0,0,0
AmadMid,0,44,0,283,0,23915,24,0,3821,27,0,0,0,4706,17553,261617,0,0,0,0,15949,346,121508,0,0,41028,49733,712,0,0,0
AmadMid,0,0,0,68,0,0,860,0,0,0,0,0,0,245,34312,401291,0,16,0,0,1,0,58673,0,0,0,37594,0,0,0,0
AmadMid,0,0,0,73,0,0,25,0,0,0,0,0,0,39,145813,326507,0,10148,0,0,0,1598,44220,0,0,4398,29504,32839,0,0,0
AmadMid,0,985,0,2313,728,0,233,0,0,62,0,0,0,166,115770,337904,0,36,0,0,0,0,42552,0,0,17512,55483,19857,0,0,0
AmadMid,0,3,0,1702,31,0,24,0,0,70,0,0,0,690,22119,418896,0,4286,0,0,156,24,58447,0,0,0,47400,9167,0,0,0
AmadMid,0,0,0,0,0,0,0,0,18507,2858,0,0,0,292,30685,479148,0,626,0,0,0,0,69223,0,0,4240,30991,0,0,0,0
AmadMid,0,140,0,27,0,0,315,0,0,964,0,0,0,74,7251,494081,0,2087,0,0,0,0,132048,0,0,0,113858,0,0,0,0
AmadMid,0,22,0,17158,0,0,10775,0,3917,577,0,0,0,0,7487,453697,15,188,0,0,46,0,88432,0,0,11430,53025,0,0,0,0
AmadMid,0,0,0,0,0,0,58,0,0,0,0,0,0,10332,65842,440497,0,148,0,0,0,39,104588,0,0,0,38625,25737,0,0,0
AmadMid,0,25,60,0,0,0,0,0,530,0,0,0,0,0,26,0,0,0,0,0,0,0,0,0,0,114922,8913,73014,0,0,0
AmadMid,0,0,0,53,0,0,16,0,0,0,0,0,0,1788,49425,407136,0,5073,763,0,0,0,16867,0,0,0,150356,45535,0,0,0
AmadMid,0,1090,0,3017,7235,89,541,0,0,15734,0,0,0,150,49551,388075,0,699,0,0,5478,1793,25633,0,0,8860,12653,23475,0,0,0
AmadR,118,0,0,6,0,0,0,0,0,1757,0,0,0,0,28543,273656,0,0,0,0,2,0,678,0,0,0,71049,144186,0,0,0
AmadR,1100,3,0,0,551,0,0,0,61,704,0,0,0,0,127,440544,0,3477,0,0,0,281,75379,0,0,18335,31359,86963,0,0,0
AmadR,215,119304,73500,0,4585,0,802,0,0,4256,0,0,1,150,23867,267337,0,32636,0,0,4469,64,15548,0,0,0,72,3884,0,0,0
AmadR,0,63865,746,0,4436,0,15,0,12,0,0,0,1558,493,1791,345057,0,4551,0,0,0,0,69253,0,0,5080,27026,0,0,0,0
AmadR,0,58,5933,65,4385,3,1345,0,0,0,0,0,1278,135,65384,222772,0,241,0,0,164,122,29839,0,0,0,49757,70371,0,0,0
AmadR,0,108,23489,34,24558,1124,1263,0,0,6158,0,0,0,22,30258,322636,0,6,0,0,1727,644,127194,0,0,0,8890,0,0,0,0
AmadR,0,0,0,0,600,628,0,0,0,5,0,0,31,18,736,216078,0,527,0,0,68686,5,27341,0,0,0,73240,0,0,0,0
AmadR,0,19819,256,0,7,0,0,0,0,0,0,0,300,543,2134,441009,0,3457,0,0,0,0,79946,0,0,0,72612,0,0,0,0
AmadR,0,726,33859,6612,16714,28,1542,0,0,1893,0,0,0,0,29270,258051,0,586,0,0,11858,86,98032,0,0,0,2039,40,0,0,0
AmadR,0,63551,338,0,4292,0,0,0,20,0,0,0,1287,553,1832,341890,0,7022,0,0,0,0,73834,0,0,6088,27045,0,0,0,0
AmadR,0,0,0,3276,741,223,7,0,0,0,0,0,0,0,65637,296727,0,0,0,0,2050,1142,53124,0,99,5029,166396,108846,0,0,0
AmadR,0,0,0,2156,0,451,164,0,0,1330,0,0,0,0,125021,174287,0,2768,0,0,20470,2620,25374,0,0,0,1576,72251,0,0,0
AmadR,0,0,2090,19314,0,27,1458,0,0,63443,0,0,849,44,40333,347326,0,1732,0,0,5335,2453,144474,0,0,0,7159,0,0,0,0
AmadR,0,2400,595,0,0,0,116,1253,1027,370,0,0,0,0,61,420784,0,4965,0,0,40,915,70397,0,0,0,31395,0,0,0,0
AmadR,0,43,47,26891,3189,0,0,0,0,31377,0,0,0,192,4259,369962,0,0,0,0,0,0,109961,0,0,0,13596,0,0,0,0
AmadR,0,0,0,4,0,381,0,0,0,0,0,0,24,0,0,13091,0,35,0,0,123894,19,33,0,0,0,0,0,0,0,0
AmadR,11,0,0,0,0,0,251,0,0,6588,0,0,0,0,595,34052,0,0,0,0,0,0,0,0,0,0,29956,178276,0,0,0
AmadR,0,74,0,28,876,15502,366,0,0,0,0,0,2418,0,58099,279343,0,0,0,0,58950,4703,24245,0,111,0,69983,80554,0,0,0
ChbaghDarDol,0,63,0,11536,0,0,292,0,0,0,0,0,0,35,41827,335687,0,33571,1511,0,21,245,110633,0,0,0,91981,0,0,0,0
ChbaghDarDol,0,0,0,65804,0,205,1418,0,0,0,0,0,5432,0,0,449275,0,5164,0,0,651,4361,53701,0,0,0,174546,0,0,630,0
ChbaghDarDol,0,0,0,15627,0,0,885,0,1175,0,0,0,0,33,51627,290173,0,6197,0,0,0,83857,76669,0,0,0,158083,0,0,93,0
ChbaghDarDol,0,1101,0,1354,579,0,78,0,0,514,0,0,472,0,9832,338590,0,32864,0,0,0,0,16240,0,0,0,195681,0,0,0,0
ChbaghDarDol,0,243,0,2224,0,0,0,0,0,22,0,0,2908,0,1266,369706,147,25960,0,0,690,19,6748,0,0,0,176458,0,0,6,0
ChbaghDarDol,0,38,0,10519,0,0,453,0,0,0,0,0,0,4,32338,278148,0,44279,0,0,0,29,149886,0,40,0,90223,0,0,0,0
ChbaghDarDol,0,0,0,65024,0,1548,674,0,0,0,0,0,0,0,271,331543,0,16016,0,0,8,73816,33440,0,0,0,224013,0,0,0,0
ChbaghDarDol,0,223,347,7171,0,0,0,0,10,0,0,0,991,0,2828,397885,0,29207,0,0,320,0,17766,0,0,329,171551,0,0,0,0
ChbaghDarDol,0,0,10097,0,0,59,61,0,0,0,0,0,262,253,47124,116944,64,1707,0,0,17083,63266,237477,0,0,0,190126,0,0,17234,0
ChbaghL,0,6458,0,0,0,0,0,0,0,15,0,0,0,79,68063,168569,0,15600,0,0,0,1790,171135,0,313,0,1872,0,0,5227,0
ChbaghL,0,37,97572,38,0,0,0,0,0,0,0,0,0,36,36750,187759,0,27506,0,0,0,209,130619,0,0,0,0,0,0,0,0
ChbaghL,0,0,0,199,0,0,542,0,0,0,0,0,0,4,53704,353609,0,7786,0,0,0,323,135161,0,0,8,15261,0,0,0,0
ChbaghL,0,1488,0,0,0,0,22,0,0,0,0,0,0,0,42331,307867,0,4379,0,0,0,0,80249,0,204,0,32,0,0,0,0
ChbaghL,0,5990,130,2785,0,0,1138,0,0,24,0,0,688,343,84526,194443,0,20359,0,0,0,4911,169908,0,0,0,413,0,0,130,0
ChbaghL,0,0,0,0,0,0,0,1354,8357,0,0,0,0,1111,44248,290600,11,15516,0,0,0,163,121473,0,0,0,11,0,0,0,0
ChbaghL,0,11647,0,347,893,0,1,0,201,0,0,0,1039,203,58578,171226,18,18630,0,0,374,144,123711,0,3593,0,0,0,0,296,0
ChbaghL,0,0,0,0,0,0,79,0,0,0,0,0,0,196,42938,275843,0,2864,0,0,0,631,122005,0,0,0,18,0,0,2529,0
ChbaghL,0,0,0,0,0,0,0,0,0,0,0,0,0,0,32796,341217,0,10339,0,0,0,0,129083,0,0,0,811,0,0,0,0
ChbaghL,0,2475,76510,0,0,0,0,0,0,157,0,0,0,323,43343,155064,0,33906,0,0,0,567,99977,0,0,0,0,0,0,0,0
ChbaghL,0,4,0,707,0,0,102,0,0,0,0,0,0,20,22174,261371,425,88316,0,0,0,0,150660,0,780,0,115,0,0,0,0
ChbaghL,0,2861,0,263,0,0,1605,0,0,0,0,0,0,4727,67365,112186,2968,39903,0,0,0,802,87256,0,0,0,30,0,0,0,0
ChbaghL,0,0,0,2309,0,0,0,0,0,0,0,0,0,8,25027,379298,0,4017,0,0,0,0,63617,0,0,0,9,0,0,0,0
ChbaghL,0,2486,834,0,5717,0,0,0,0,64,0,0,0,0,38903,158428,0,39573,0,0,0,0,74752,0,0,0,244,0,0,0,0
ChbaghL,0,0,0,837,0,0,3050,1936,2115,0,0,0,0,15,60213,342829,394,1396,0,0,0,0,333406,0,0,0,94,0,0,0,0
ChbaghL,0,19822,15377,8783,0,0,284,0,0,0,0,0,4349,0,3911,170235,301,115487,0,0,1035,71,15449,0,739,0,3244,0,0,11,0
ChbaghL,0,0,0,5120,0,0,1934,0,0,0,0,0,0,275,45192,311169,0,6997,0,0,367,0,111823,0,0,0,12221,0,0,0,0
ChbaghL,0,3400,2740,1684,46,0,223,0,0,0,0,0,0,0,13661,77829,3144,90801,0,0,0,129,71495,0,0,0,23351,0,0,0,0
ChbaghL,0,0,0,0,0,0,21,0,0,0,0,0,0,0,9948,291843,3776,39419,0,0,0,0,138617,0,0,0,10345,0,0,0,0
ChbaghL,0,0,0,0,0,0,0,0,0,0,0,0,0,17,54343,276556,0,5312,0,0,0,139,161440,0,0,0,37,0,0,0,0
ChbaghL,0,403,0,8,0,0,0,0,0,0,0,0,0,0,38935,251985,17,19464,0,0,0,140,118234,0,0,0,503,0,0,1230,0
ChbaghL,0,254,0,0,6318,0,0,0,0,2,0,0,0,0,55870,237304,568,5933,0,0,0,454,62139,0,120,0,0,0,0,3808,0
ChbaghL,0,0,0,3560,0,0,60,0,0,0,0,0,0,12,59906,324352,0,2857,0,0,0,0,152845,0,0,0,37940,0,0,0,0
ChbaghMid,0,0,0,0,0,14662,0,0,0,0,0,0,0,0,0,824,0,0,9360,0,0,63353,75680,0,0,0,557,0,0,11,0
ChbaghMid,0,0,0,0,0,27,0,0,0,0,0,0,75,388,48203,251678,0,17385,0,0,0,51567,157834,0,0,0,0,0,0,5560,0
ChbaghMid,0,0,0,0,0,0,0,0,0,0,0,0,0,1,47799,264470,0,6178,88,0,0,75380,155293,0,0,0,23906,0,0,0,0
ChbaghMid,0,0,0,20,0,0,15,0,0,0,0,0,0,181,35934,244878,0,11536,0,0,0,62516,89476,0,0,0,1286,0,0,767,0
ChbaghMid,0,0,0,0,0,0,0,0,0,0,0,0,0,269,55076,241038,0,13369,0,0,0,60541,103361,0,0,0,1747,0,0,0,0
ChbaghMid,0,0,0,0,0,0,0,0,0,0,0,0,0,2679,12362,170417,0,35840,642,0,0,91578,544153,0,0,0,603,0,0,0,0
ChbaghMid,0,0,0,9707,0,0,0,0,0,0,0,0,0,600,33502,154128,0,57984,14261,0,0,62389,151595,0,0,0,9327,0,0,0,0
ChbaghMid,0,0,0,237,0,0,0,0,0,0,0,0,0,0,58277,281368,0,5666,0,0,0,76703,130122,0,0,0,4017,0,0,0,0
ChbaghMid,0,0,0,1240,0,0,35,0,0,0,0,0,0,13203,51162,249877,0,13551,0,0,0,56908,179549,0,0,11,5725,0,0,366,0
ChbaghMid,0,0,0,0,0,0,0,0,0,0,0,0,0,0,30821,249874,1753,28164,0,0,160,68348,67910,0,0,0,239,0,0,2478,0
ChbaghMid,0,0,0,0,0,84031,0,0,0,0,0,0,0,0,4083,116,0,129,0,0,0,59790,1117,0,0,0,0,0,0,453,0
ChbaghMid,0,0,0,0,0,0,0,0,0,0,0,0,0,0,31969,237570,0,14291,0,0,0,67011,111067,0,0,0,2870,0,0,0,0
ChbaghMid,0,0,0,1095,0,0,0,406,118,0,0,0,0,11,56381,175919,0,11985,0,0,0,48612,232758,0,0,0,0,0,0,0,0
ChbaghMid,0,0,19,0,0,0,0,0,0,0,0,0,204020,0,3881,48145,0,2800,14,0,0,0,0,0,0,0,188,0,0,107,0
ChbaghMid,0,0,0,1095,0,0,126,0,0,0,0,0,0,489,23169,225661,0,47794,1841,0,0,69815,211902,0,0,0,5461,0,0,0,0
ChbaghR,0,27,21,228958,0,0,0,0,0,0,0,0,0,0,0,25755,0,51070,0,0,0,0,5661,0,0,0,691,0,0,0,0
ChbaghR,0,3,0,0,0,0,27,255,742,0,0,0,0,10,29557,301171,54,25083,0,0,0,0,116695,0,0,0,13561,0,0,0,0
ChbaghR,0,0,0,0,0,0,0,345,43,31,0,0,0,0,49731,296470,0,24046,0,0,0,0,86711,0,142,0,1373,0,0,0,0
ChbaghR,4692,79,656,0,0,0,0,0,0,1013,0,0,0,0,41365,260476,1305,37838,0,0,0,175,49751,0,0,0,2973,271,0,0,0
ChbaghR,0,37,0,0,0,0,0,0,0,0,0,0,0,0,64743,340161,0,13492,0,0,0,0,233845,0,11,0,11771,0,0,0,0
ChbaghR,0,0,0,0,0,0,0,0,0,0,0,0,2745,1,54524,320010,0,10105,0,0,0,0,86303,0,0,0,4584,0,0,0,0
ChbaghR,0,0,313351,0,0,0,0,0,0,0,0,0,0,0,1254,6444,16907,204,0,0,0,0,10025,0,0,0,19281,0,0,0,0
ChbaghR,0,0,0,0,0,0,0,0,0,0,0,0,3131,37,45082,336549,0,0,0,0,0,0,88707,0,62,0,7439,0,0,0,0
ChbaghR,0,0,0,31,3928,28697,0,0,0,0,0,0,2589,0,824,75742,0,0,0,0,22991,2075,30026,0,0,0,0,0,0,0,0
ChbaghR,0,283,0,244,0,0,210,0,0,0,0,0,0,66,49354,236288,0,38673,0,0,0,197,437438,0,0,0,21069,0,0,0,0
ChbaghR,0,0,0,0,0,0,0,0,0,0,0,0,164,1440,22118,252092,0,5657,0,0,0,0,175767,0,0,0,0,0,0,0,0
ChbaghR,0,32,0,0,0,0,0,0,0,0,0,0,0,68,58095,297471,47,11376,0,0,0,3966,237103,0,0,0,11698,0,0,308,0
ChbaghR,0,592,2258,762,0,25161,0,0,0,0,0,0,0,375,28419,159995,162,8255,0,0,13,3723,105645,0,91146,0,14204,0,0,1146,0
ChbaghR,0,5597,45677,0,334,0,40,0,0,0,0,0,0,316,20397,49353,0,69989,0,0,0,0,116134,0,0,0,0,0,0,0,0
ChbaghR,0,0,0,0,0,0,0,34623,2109,0,0,0,0,0,109,14928,4507,0,0,0,0,0,1346,0,0,0,0,0,0,0,0
ChbaghR,0,0,0,0,6510,0,0,0,0,8,0,0,0,0,1208,3186,0,3941,0,0,0,0,67089,0,0,0,84,0,0,0,0
ChbaghR,0,8053,0,54,0,0,648,0,0,26,0,0,0,348,40703,294689,0,2470,0,0,0,680,112930,0,0,0,54,0,0,1783,0
ChbaghR,0,5145,7266,0,14364,0,739,0,0,0,0,0,1216,120,28533,159930,0,56832,0,0,0,0,93166,0,0,0,0,0,0,0,0
ChbaghR,0,0,0,0,0,0,956,0,0,0,0,0,9,0,53058,252006,0,21660,0,0,0,200,407677,0,54,0,6,0,0,0,0
ChbaghR,0,2739,0,38,6724,0,271,0,0,4935,0,0,0,178,4324,190992,0,2078,0,0,0,0,153544,0,0,0,224,0,0,0,0
ChbaghR,0,450,0,0,19,47805,78,0,0,0,0,0,2686,0,27230,164699,0,1592,0,0,385,120,93625,0,105253,0,0,0,0,41,0
ChbaghR,923,0,212,0,0,0,0,0,0,2156,0,0,0,7,25285,248269,6665,2474,0,0,0,0,138607,0,27,0,3660,0,0,0,0
ChbaghR,0,0,0,0,0,0,0,0,0,0,0,0,0,0,0,290,48361,527,0,0,0,0,242,0,0,0,0,0,0,0,0
ChbaghR,4618,945,69693,0,0,0,0,0,0,0,0,0,0,0,2716,198219,0,9716,0,0,0,155,48691,0,0,0,204,0,0,0,0
ChbaghR,0,0,0,20194,0,0,1741,0,0,0,0,0,0,25322,3191,378607,0,1884,0,0,0,10296,402193,0,0,0,1655,0,0,0,0
ChbaghR,0,0,0,218,0,0,0,1287,5147,0,0,0,0,27,33158,296193,0,10663,0,0,0,0,171538,0,0,0,0,0,0,0,0
ChbaghR,85263,0,6,7,0,44677,53,0,0,9,0,0,0,1714,15228,8320,16669,4490,0,0,492,186,900,0,89742,0,0,0,0,49,0
ChbaghR,0,255,0,0,0,0,0,0,0,0,0,0,0,19,56523,334886,0,24116,0,0,0,0,146377,0,215,0,3471,0,0,0,0
ChbaghR,0,754,0,0,7751,0,1533,0,0,6721,0,0,531,0,17423,124067,0,698,0,0,0,615,44883,0,641,0,15,0,0,0,0
ChbaghR,0,1030,0,109336,0,0,14,0,0,217603,0,0,0,0,0,5275,16978,343,0,0,0,0,13118,0,319,0,601,0,0,187472,0
ChbaghR,0,0,0,392,0,0,0,0,0,0,0,0,0,103,44739,345277,0,11501,0,0,0,2725,125622,0,0,0,10310,0,0,0,0
ChbaghR,0,2065,0,294,0,27967,0,0,0,0,0,0,0,0,8444,62130,0,4929,0,0,0,31,36080,0,102653,0,0,0,0,24393,0
ChbaghR,0,4659,17707,4650,0,0,4865,0,0,995,0,0,0,0,0,274436,123,6542,0,0,0,256,78219,0,9293,0,0,25208,0,0,0
ChbaghR,0,0,0,150,0,0,240,5068,1973,0,0,0,0,0,10690,284244,0,16475,0,0,0,0,173298,0,0,0,25,0,0,0,0
ChbaghR,0,16473,0,2053,666,295,12298,0,0,252,0,0,440,0,21351,99301,5782,3709,0,0,15309,0,4894,0,590,0,0,0,0,0,0
ChbaghR,0,0,0,0,0,0,0,0,0,0,0,0,0,0,35524,294956,0,0,0,0,0,0,66501,0,0,0,5492,0,0,0,0
FinGard,0,0,0,0,0,0,13,0,0,0,0,0,0,10067,40907,300881,0,58217,0,0,0,75321,145765,0,0,0,36823,429,0,0,0
FinGard,0,0,0,1348,0,687,8076,0,0,0,0,0,14,10,105747,394450,0,0,0,0,32054,77046,190182,0,0,0,18908,61,0,0,0
FinGard,0,4,0,1412,0,709,8244,0,0,0,0,0,38,49,105199,392109,0,0,0,0,31587,75940,181738,0,0,0,17887,650,0,73,0
FinGard,0,0,0,0,0,0,957,0,0,0,0,0,0,186,162798,210104,0,866,0,0,0,836,264748,0,0,0,15160,0,0,0,0
FinGard,0,0,0,0,0,0,0,0,0,0,0,0,0,0,47465,243121,0,43884,0,0,0,79804,329216,0,0,0,26466,0,0,113,0
FinGard,0,0,0,6,94,0,0,0,0,0,0,0,0,7,71318,208214,0,10900,0,0,32,88116,194395,0,0,0,66743,0,0,0,0
FinGard,0,0,0,112,0,0,0,0,0,0,0,0,0,7,97960,291726,0,48286,0,0,0,54910,74323,0,0,0,205682,494,0,0,0
FinGard,0,0,0,0,0,0,0,0,0,0,0,0,0,0,9186,34766,0,50,0,0,0,297660,742,0,0,0,16195,0,0,607,0
FinGard,0,0,0,0,0,0,126,0,0,0,0,0,0,13763,93689,14283,0,705,0,0,0,6,146416,0,0,0,28750,0,0,0,0
NagJaAx,0,3139,0,0,266,0,0,610,6765,0,0,0,11370,0,0,287839,482,39547,936,0,16,0,0,0,0,0,125514,0,0,0,0
NagJaAx,0,0,0,0,0,0,0,0,0,27,0,0,4448,378,11790,321972,6644,52723,0,0,11,0,2066,0,0,0,121698,0,0,0,0
NagJaAx,0,0,0,0,0,0,0,0,0,0,0,0,0,0,0,8644,73634,484,858,0,0,0,5750,0,0,0,15608,0,0,0,0
NagJaAx,0,0,0,0,473,0,1,0,0,0,0,0,0,70,80828,246520,0,1634,0,0,9,0,0,0,0,0,136565,14451,0,0,0
NagJaAx,0,0,0,0,0,0,0,0,84,0,0,0,0,0,185,201675,16438,98920,0,0,0,0,0,0,0,0,126236,0,0,0,0
NagJaAx,0,0,0,0,0,0,0,76,4336,0,0,0,0,1,9770,237669,0,40543,85,0,0,0,0,0,0,0,0,0,0,0,0
NagJaSWalk,0,3342,4598,0,1421,0,0,0,4712,0,0,0,0,223,42738,155904,1043,96100,2518,0,0,0,0,0,0,0,130900,0,0,0,0
NagJaSWalk,0,94738,632,0,62516,0,0,0,0,2,0,0,0,18296,13405,114433,0,61988,1214,0,0,0,0,0,0,0,111399,0,0,1291,0
NagJaSWalk,0,22836,1084,149,12596,0,227,0,0,190,0,0,62,6323,50779,209364,0,75170,379,0,0,0,0,0,0,0,87908,0,0,0,0
NagJaSWalk,0,9308,0,4948,17815,0,416,0,88,17,0,0,0,3,30701,257952,1422,39092,0,0,0,0,69216,0,0,0,134271,0,0,0,0
NagJaSWalk,0,24762,0,16,13639,0,1057,0,0,97,0,0,0,0,25299,212187,405,95595,1870,0,0,0,112715,0,0,93,68646,0,0,0,0
NagJaSWalk,0,3421,6,0,44847,0,0,0,0,173,0,0,0,26313,24972,267727,0,43374,0,0,0,0,0,0,204,0,96097,0,0,0,0
NagJaSWalk,0,38431,751,0,5580,0,7,0,0,12,0,0,0,0,6136,248927,100,131642,0,0,0,54,225315,0,0,0,60616,0,0,0,0
NagJaSWalk,0,0,0,0,0,0,0,0,0,0,0,0,1002,22088,53146,284109,0,37371,0,0,39,2,2333,0,0,0,147900,0,0,0,0
NagJaSWalk,0,0,0,0,0,0,0,0,0,0,0,0,38257,0,156,19322,44291,0,0,0,0,0,0,0,0,0,8608,0,0,0,0
NagJaSWalk,0,2,139,4,14656,0,50,0,0,506,0,0,0,0,18958,134,37685,86528,2303,0,13,0,1591,0,0,0,150741,0,0,0,0
NagJaSWalk,0,12609,191,182,186393,0,0,0,0,0,0,0,0,0,0,278199,0,10067,0,0,0,8,1840,0,166,0,63564,0,0,0,0
NagJaSWalk,0,281,2482,213,106,0,74,0,0,0,0,0,625,5812,13902,213404,0,36875,474,0,0,0,0,0,0,0,39935,0,0,0,0
NagJaSWalk,0,165757,129,0,31162,0,0,0,0,471,0,0,752,28967,25793,9794,0,3061,421,0,0,0,0,0,0,0,5615,0,0,32130,0
NagJaSWalk,0,100,0,0,220551,0,0,0,0,384,0,0,0,0,0,3417,0,0,0,0,0,0,0,0,0,0,27103,0,0,0,0
OstanSt,0,8643,542,883,0,0,581,0,159246,0,0,0,0,0,0,52935,258,33462,60773,0,0,0,108729,0,0,7831,50922,0,0,0,0
OstanSt,0,336,0,0,6185,0,0,0,0,62818,0,0,0,0,38077,259071,0,0,0,0,0,0,79421,0,0,0,57416,88,0,0,0
OstanSt,0,0,0,0,4617,0,673,0,7,60449,0,0,0,121,21434,228157,16507,981,0,0,13,0,86382,0,0,2454,102746,74,0,0,0
OstanSt,885,0,0,0,7927,0,0,0,116342,43279,0,0,6528,0,0,155618,11,6079,0,0,0,0,89025,0,0,1527,133839,0,0,0,0
OstanSt,0,0,0,0,4404,0,2742,0,0,41983,0,0,0,2,55239,212951,0,10631,0,0,0,54,163098,0,0,0,54,89,0,0,0
OstanSt,0,0,0,0,1597,0,0,0,509,46580,0,0,10693,0,51489,231492,0,2538,0,0,0,7,90531,0,0,6228,97182,0,0,0,0
OstanSt,0,1713,0,0,8613,0,0,0,66,27799,0,0,0,0,46719,247905,0,7943,0,0,0,0,202414,0,0,859,62943,0,0,0,0
OstanSt,0,535,0,5531,3995,0,258,0,3,44212,0,0,5686,0,68239,242270,0,1109,0,0,0,130,155596,0,0,6203,0,0,0,0,0
OstanSt,0,124,158,0,55,0,0,294,181910,4761,0,0,0,0,0,49491,72,15101,17771,0,0,0,22946,0,0,8672,7932,0,0,0,0
OstanSt,0,0,0,100,3368,0,0,0,67555,31115,0,0,0,35,30136,207014,25,18536,0,0,0,76,140600,0,0,16365,12200,0,0,0,0
OstanSt,0,4423,0,0,33669,0,0,0,0,6697,0,0,0,0,39680,238263,0,2802,0,0,18,52,160290,0,0,0,27909,0,0,0,0
OstanSt,0,156,0,761,7026,0,0,1993,6165,42982,0,0,99,0,61910,213725,0,363,0,0,0,0,306255,0,0,3350,25147,0,0,0,0
OstanSt,0,27,0,0,13928,0,0,0,106570,48585,0,0,3004,0,11,148333,0,2921,0,0,0,0,83540,0,0,2886,116101,0,0,0,0
OstanSt,0,0,0,6705,3939,0,160,0,329,1621,0,0,0,0,42037,239134,0,8952,0,0,0,0,85910,0,0,1711,40564,815,0,0,0
OstanSt,0,0,0,0,6915,0,0,0,0,25041,0,0,1620,0,30637,230641,12857,16665,0,0,0,0,84035,0,0,4,62493,18362,0,0,0
OstanSt,0,219,460,0,11547,0,32,0,0,39349,0,0,42,0,35678,209150,0,6580,0,0,0,0,115198,0,0,0,90291,0,0,0,0
OstanSt,4,0,0,0,5166,0,0,0,6527,37753,0,0,6411,26,53602,245155,0,70,0,0,0,0,95217,0,0,7365,66329,9,0,0,0
SepahL,0,1373,0,0,483,0,67,0,0,0,0,0,4559,1614,22491,203758,652,41834,0,0,0,0,81708,0,7244,0,0,0,0,0,0
SepahL,0,7581,59744,19614,7567,0,522,0,0,0,0,0,0,0,7710,158922,18756,17076,0,0,51,9073,161588,0,0,0,12396,0,0,0,0
SepahL,0,9799,9206,2869,2677,0,7587,785,4257,0,0,0,0,658,22098,90982,0,66597,0,0,0,0,119715,0,0,0,0,0,0,0,0
SepahL,0,0,0,0,0,0,0,0,0,0,0,0,0,0,0,175,0,50091,0,0,0,0,43,0,0,0,0,0,0,146,0
SepahL,0,0,0,0,0,0,102934,0,0,0,0,0,276,1123,10513,16992,0,1342,4301,0,0,5,1148,0,0,0,5109,0,0,0,0
SepahL,0,66,0,0,0,0,970,0,20328,224,0,0,0,1142,29003,318014,4,62798,8825,0,8,0,98572,0,0,52,74061,0,0,0,0
SepahL,0,41508,4,0,89,0,37123,402,63203,5,0,0,46,0,4917,108409,395,105010,0,0,0,0,97499,0,0,0,4398,0,0,0,0
SepahL,0,51372,4509,13,10200,0,732,18,9385,205,0,0,0,3927,29477,103939,2528,22126,0,0,0,0,13599,0,331,0,161,3,0,0,0
SepahL,0,6287,0,65,0,0,2454,395,32792,0,0,0,0,0,28,166024,1392,11612,0,0,0,0,261282,0,81,0,1648,0,0,0,0
SepahL,0,106,2426,1527,35894,0,3,0,0,0,0,0,0,19723,25834,39297,5236,12187,2848,0,0,1439,16076,0,0,5726,0,0,0,0,0
SepahL,0,2850,49,11037,0,0,3116,0,0,0,0,0,0,303,4840,18366,1014,45345,2338,0,0,0,58800,0,717,0,438,0,0,0,0
SepahMid,0,0,0,8427,0,0,0,0,9887,0,0,0,1046,42,4889,321029,0,19507,4987,0,0,0,127283,0,0,0,1179,0,0,0,0
SepahMid,0,0,0,30,0,0,0,0,8619,0,0,0,0,28,7718,250795,0,15438,0,0,0,0,178409,0,0,18,78,0,0,0,0
SepahMid,0,0,0,0,0,0,0,0,57,1,0,0,0,0,0,10686,0,342,64347,0,0,0,2066,0,0,0,107,0,0,0,0
SepahMid,0,0,0,26,0,0,0,0,0,0,0,0,0,0,0,33791,0,4647,0,0,0,0,4919,0,0,0,0,0,0,0,0
SepahMid,0,1068,0,418,0,0,0,0,3684,0,0,0,0,0,23834,258907,745,11753,0,0,0,0,134393,0,3698,35259,52990,0,0,0,0
SepahMid,0,147,0,12531,1577,0,447,0,0,1101,0,0,0,3872,14381,228039,2962,28355,0,0,0,952,95818,0,0,0,0,0,0,0,0
SepahMid,0,84,0,2759,0,0,13,0,0,4,0,0,100,47,14402,145309,1875,21229,3948,0,0,0,145314,0,0,0,240,0,0,0,0
SepahMid,0,0,0,70311,0,0,0,0,0,0,0,0,0,0,5010,49605,0,4241,0,0,0,0,3085,0,0,0,4555,0,0,0,0
SepahMid,0,0,0,0,0,0,0,1204,4221,5359,0,0,0,139,1220,151044,0,61796,0,0,0,0,108261,0,0,0,2947,0,0,0,0
SepahMid,0,0,0,14750,0,573,0,0,0,9,0,0,0,0,21070,258172,0,25451,384,0,0,11331,104340,0,0,0,1196,0,0,0,0
SepahMid,0,0,0,2002,0,13275,1038,0,0,0,0,0,8788,17,8188,221554,0,13571,1105,0,258,11191,336423,0,0,0,1324,0,0,44,0
SepahMid,0,0,0,2104,0,0,0,0,0,191,0,0,0,97,15472,278753,0,15266,487,0,0,0,145313,0,0,0,160,0,0,0,0
SepahMid,0,0,0,89,0,0,0,0,0,0,0,0,0,30,17923,165490,610,70672,0,0,0,113,129031,0,0,0,363,0,0,0,0
SepahR,0,0,0,0,0,0,0,0,0,276,0,0,12958,31385,24096,44713,0,1964,0,0,0,0,25646,0,0,0,0,0,0,0,0
SepahR,0,879,0,0,4719,0,0,0,0,83317,0,0,0,20885,17949,116372,0,7385,0,0,0,846,103972,0,122,0,37853,0,0,2026,0
SepahR,0,0,0,0,0,0,0,0,0,0,0,0,0,107692,2664,12630,0,291,0,0,0,0,78,0,0,0,0,0,0,0,0
SepahR,0,1164,18,184,17135,0,1686,0,0,0,0,0,2323,0,34654,178557,0,1099,0,0,1560,0,83909,0,0,0,34576,0,0,0,0
SepahR,0,266,0,0,49161,0,0,0,0,0,0,0,0,0,2850,112355,0,15464,0,0,0,0,144567,0,0,0,24088,0,0,0,0
SepahR,0,2788,568,0,16411,0,102,0,0,116043,0,0,0,2906,17799,110032,0,13509,0,0,0,175,127689,0,0,0,6552,0,0,0,0
SepahR,0,83,0,0,18956,0,0,0,0,9044,0,0,34,9241,17756,98182,0,31040,1790,0,0,10,68606,0,93,0,1978,0,0,0,0
SepahR,0,332,0,807,17872,0,0,0,0,26346,0,0,0,219,35564,125827,0,34733,138,0,72,0,225158,0,0,0,384,0,0,0,0
SepahR,0,0,0,0,208,0,0,0,0,6021,0,0,0,6056,34186,111201,0,12196,0,0,0,7141,193310,0,0,0,0,0,0,3549,0
SepahR,0,3526,0,0,9035,0,0,0,0,81815,0,0,0,359,7253,92314,0,0,0,0,0,2,143163,0,0,0,0,0,0,0,0
,,,,,,,,,,,,,,,,,,,,,,,,,,,,,,,
,,,,,,,,,,,,,,,,,,,,,,,,,,,,,,,
,,,0,,,,,,,,,,,,,,,,,,,,,,,,,,,,
,,,0,,,,,,,,,,,,,,,,,,,,,,,,,,,,